arm,haiku_acc_pct,sonnet_acc_pct,kappa
baseline,3.614457831325301,4.819277108433735,0.5529622980251352
bm25,2.4096385542168677,2.4096385542168677,0.4876543209876545
bm25_filtered,1.2048192771084338,1.2048192771084338,-0.01219512195121462
dense,2.4096385542168677,1.2048192771084338,0.6612244897959174
ce,1.2048192771084338,1.2048192771084338,-0.01219512195121462
qccs,25.301204819277107,31.32530120481928,0.7931648273406905
